[
	{
		"id": "6",
		"nameFr": "Griffe Acier",
		"nameEn": "Metal Claw",
		"typeId": "17",
		"typeEn": "steel",
		"typeFr": "acier",
		"damage": "8",
		"spe": "7",
		"duration": "0.63",
		"dps": "12.70",
		"sps": "11.11"
	},
	{
		"id": "18",
		"nameFr": "Aile d'Acier",
		"nameEn": "Steel Wing",
		"typeId": "17",
		"typeEn": "steel",
		"typeFr": "acier",
		"damage": "15",
		"spe": "4",
		"duration": "1.33",
		"dps": "11.28",
		"sps": "3.01"
	},
	{
		"id": "29",
		"nameFr": "Pisto-Poing",
		"nameEn": "Bullet Punch",
		"typeId": "17",
		"typeEn": "steel",
		"typeFr": "acier",
		"damage": "10",
		"spe": "7",
		"duration": "1.2",
		"dps": "8.33",
		"sps": "5.83"
	},
	{
		"id": "40",
		"nameFr": "Éclate-Roc",
		"nameEn": "Rock Smash",
		"typeId": "6",
		"typeEn": "fight",
		"typeFr": "combat",
		"damage": "15",
		"spe": "7",
		"duration": "1.41",
		"dps": "10.64",
		"sps": "4.96"
	},
	{
		"id": "32",
		"nameFr": "Balayage",
		"nameEn": "Low Kick",
		"typeId": "6",
		"typeEn": "fight",
		"typeFr": "combat",
		"damage": "5",
		"spe": "7",
		"duration": "0.6",
		"dps": "8.33",
		"sps": "11.67"
	},
	{
		"id": "36",
		"nameFr": "Poing-Karaté",
		"nameEn": "Karate Chop",
		"typeId": "6",
		"typeEn": "fight",
		"typeFr": "combat",
		"damage": "6",
		"spe": "7",
		"duration": "0.8",
		"dps": "7.50",
		"sps": "8.75"
	},
	{
		"id": "15",
		"nameFr": "Dracosouffle",
		"nameEn": "Dragon Breath",
		"typeId": "3",
		"typeEn": "dragon",
		"typeFr": "dragon",
		"damage": "6",
		"spe": "7",
		"duration": "0.5",
		"dps": "12.00",
		"sps": "14.00"
	},
	{
		"id": "5",
		"nameFr": "Pistolet à O",
		"nameEn": "Water Gun",
		"typeId": "18",
		"typeEn": "water",
		"typeFr": "eau",
		"damage": "6",
		"spe": "7",
		"duration": "0.5",
		"dps": "12.00",
		"sps": "14.00"
	},
	{
		"id": "38",
		"nameFr": "Écume",
		"nameEn": "Bubble",
		"typeId": "18",
		"typeEn": "water",
		"typeFr": "eau",
		"damage": "25",
		"spe": "15",
		"duration": "2.3",
		"dps": "10.87",
		"sps": "6.52"
	},
	{
		"id": "41",
		"nameFr": "Trempette",
		"nameEn": "Splash",
		"typeId": "18",
		"typeEn": "water",
		"typeFr": "eau",
		"damage": "0",
		"spe": "7",
		"duration": "1.23",
		"dps": "0.00",
		"sps": "5.69"
	},
	{
		"id": "24",
		"nameFr": "Étincelle",
		"nameEn": "Spark",
		"typeId": "4",
		"typeEn": "electr",
		"typeFr": "éleck",
		"damage": "7",
		"spe": "4",
		"duration": "0.7",
		"dps": "10.00",
		"sps": "5.71"
	},
	{
		"id": "30",
		"nameFr": "Éclair",
		"nameEn": "Thunder Shock",
		"typeId": "4",
		"typeEn": "electr",
		"typeFr": "éleck",
		"damage": "5",
		"spe": "7",
		"duration": "0.6",
		"dps": "8.33",
		"sps": "11.67"
	},
	{
		"id": "31",
		"nameFr": "Crocs de Feu",
		"nameEn": "Fire Fang",
		"typeId": "7",
		"typeEn": "fire",
		"typeFr": "feu",
		"damage": "10",
		"spe": "4",
		"duration": "0.84",
		"dps": "11.90",
		"sps": "4.76"
	},
	{
		"id": "26",
		"nameFr": "Flammèche",
		"nameEn": "Ember",
		"typeId": "7",
		"typeEn": "fire",
		"typeFr": "feu",
		"damage": "10",
		"spe": "7",
		"duration": "1.05",
		"dps": "9.52",
		"sps": "6.67"
	},
	{
		"id": "11",
		"nameFr": "Souffle Glacé",
		"nameEn": "Frost Breath",
		"typeId": "12",
		"typeEn": "ice",
		"typeFr": "glace",
		"damage": "9",
		"spe": "7",
		"duration": "0.81",
		"dps": "11.11",
		"sps": "8.64"
	},
	{
		"id": "37",
		"nameFr": "Éclats Glace",
		"nameEn": "Ice Shard",
		"typeId": "12",
		"typeEn": "ice",
		"typeFr": "glace",
		"damage": "15",
		"spe": "7",
		"duration": "1.4",
		"dps": "10.71",
		"sps": "5.00"
	},
	{
		"id": "14",
		"nameFr": "Piqûre",
		"nameEn": "Bug Bite",
		"typeId": "1",
		"typeEn": "bug",
		"typeFr": "insecte",
		"damage": "5",
		"spe": "7",
		"duration": "0.45",
		"dps": "11.11",
		"sps": "15.56"
	},
	{
		"id": "35",
		"nameFr": "Taillade",
		"nameEn": "Fury Cutter",
		"typeId": "1",
		"typeEn": "bug",
		"typeFr": "insecte",
		"damage": "3",
		"spe": "12",
		"duration": "0.4",
		"dps": "7.50",
		"sps": "30.00"
	},
	{
		"id": "10",
		"nameFr": "Écras'Face",
		"nameEn": "Pound",
		"typeId": "13",
		"typeEn": "normal",
		"typeFr": "normal",
		"damage": "7",
		"spe": "7",
		"duration": "0.54",
		"dps": "12.96",
		"sps": "12.96"
	},
	{
		"id": "4",
		"nameFr": "Griffe",
		"nameEn": "Scratch",
		"typeId": "13",
		"typeEn": "normal",
		"typeFr": "normal",
		"damage": "6",
		"spe": "7",
		"duration": "0.5",
		"dps": "12.00",
		"sps": "14.00"
	},
	{
		"id": "19",
		"nameFr": "Charge",
		"nameEn": "Tackle",
		"typeId": "13",
		"typeEn": "normal",
		"typeFr": "normal",
		"damage": "12",
		"spe": "7",
		"duration": "1.1",
		"dps": "10.91",
		"sps": "6.36"
	},
	{
		"id": "20",
		"nameFr": "Coupe",
		"nameEn": "Cut",
		"typeId": "13",
		"typeEn": "normal",
		"typeFr": "normal",
		"damage": "12",
		"spe": "7",
		"duration": "1.13",
		"dps": "10.62",
		"sps": "6.19"
	},
	{
		"id": "34",
		"nameFr": "Vive-Attaque",
		"nameEn": "Quick Attack",
		"typeId": "13",
		"typeEn": "normal",
		"typeFr": "normal",
		"damage": "10",
		"spe": "7",
		"duration": "1.33",
		"dps": "7.52",
		"sps": "5.26"
	},
	{
		"id": "9",
		"nameFr": "Fouet Lianes",
		"nameEn": "Vine Whip",
		"typeId": "10",
		"typeEn": "grass",
		"typeFr": "plante",
		"damage": "7",
		"spe": "7",
		"duration": "0.65",
		"dps": "10.77",
		"sps": "10.77"
	},
	{
		"id": "22",
		"nameFr": "Tranch'Herbe",
		"nameEn": "Razor Leaf",
		"typeId": "10",
		"typeEn": "grass",
		"typeFr": "plante",
		"damage": "15",
		"spe": "7",
		"duration": "1.45",
		"dps": "10.34",
		"sps": "4.83"
	},
	{
		"id": "13",
		"nameFr": "Direct Toxik",
		"nameEn": "Poison Jab",
		"typeId": "14",
		"typeEn": "poison",
		"typeFr": "poison",
		"damage": "12",
		"spe": "7",
		"duration": "1.05",
		"dps": "11.43",
		"sps": "6.67"
	},
	{
		"id": "21",
		"nameFr": "Dard-Venin",
		"nameEn": "Poison Sting",
		"typeId": "14",
		"typeEn": "poison",
		"typeFr": "poison",
		"damage": "6",
		"spe": "4",
		"duration": "0.575",
		"dps": "10.43",
		"sps": "6.96"
	},
	{
		"id": "25",
		"nameFr": "Acide",
		"nameEn": "Acid",
		"typeId": "14",
		"typeEn": "poison",
		"typeFr": "poison",
		"damage": "10",
		"spe": "7",
		"duration": "1.05",
		"dps": "9.52",
		"sps": "6.67"
	},
	{
		"id": "1",
		"nameFr": "Coupe Psycho",
		"nameEn": "Psycho Cut",
		"typeId": "15",
		"typeEn": "psychc",
		"typeFr": "psy",
		"damage": "7",
		"spe": "7",
		"duration": "0.57",
		"dps": "12.28",
		"sps": "12.28"
	},
	{
		"id": "12",
		"nameFr": "Psykoud'Boul",
		"nameEn": "Zen Headbutt",
		"typeId": "15",
		"typeEn": "psychc",
		"typeFr": "psy",
		"damage": "12",
		"spe": "4",
		"duration": "1.05",
		"dps": "11.43",
		"sps": "3.81"
	},
	{
		"id": "33",
		"nameFr": "Choc Mental",
		"nameEn": "Confusion",
		"typeId": "15",
		"typeEn": "psychc",
		"typeFr": "psy",
		"damage": "15",
		"spe": "7",
		"duration": "1.51",
		"dps": "9.93",
		"sps": "4.64"
	},
	{
		"id": "27",
		"nameFr": "Jet-Pierres",
		"nameEn": "Rock Throw",
		"typeId": "16",
		"typeEn": "rock",
		"typeFr": "roche",
		"damage": "12",
		"spe": "7",
		"duration": "1.36",
		"dps": "8.82",
		"sps": "5.15"
	},
	{
		"id": "39",
		"nameFr": "Coud'Boue",
		"nameEn": "Mud Slap",
		"typeId": "11",
		"typeEn": "ground",
		"typeFr": "sol",
		"damage": "15",
		"spe": "9",
		"duration": "1.35",
		"dps": "11.11",
		"sps": "6.67"
	},
	{
		"id": "2",
		"nameFr": "Tir de Boue",
		"nameEn": "Mud Shot",
		"typeId": "11",
		"typeEn": "ground",
		"typeFr": "sol",
		"damage": "6",
		"spe": "7",
		"duration": "0.55",
		"dps": "10.91",
		"sps": "12.73"
	},
	{
		"id": "7",
		"nameFr": "Griffe Ombre",
		"nameEn": "Shadow Claw",
		"typeId": "9",
		"typeEn": "ghost",
		"typeFr": "spectre",
		"damage": "11",
		"spe": "7",
		"duration": "0.95",
		"dps": "11.58",
		"sps": "7.37"
	},
	{
		"id": "3",
		"nameFr": "Léchouille",
		"nameEn": "Lick",
		"typeId": "9",
		"typeEn": "ghost",
		"typeFr": "spectre",
		"damage": "5",
		"spe": "7",
		"duration": "0.5",
		"dps": "10.00",
		"sps": "14.00"
	},
	{
		"id": "16",
		"nameFr": "Morsure",
		"nameEn": "Bite",
		"typeId": "2",
		"typeEn": "dark",
		"typeFr": "ténèbres",
		"damage": "6",
		"spe": "7",
		"duration": "0.5",
		"dps": "12.00",
		"sps": "14.00"
	},
	{
		"id": "17",
		"nameFr": "Feinte",
		"nameEn": "Feint Attack",
		"typeId": "2",
		"typeEn": "dark",
		"typeFr": "ténèbres",
		"damage": "12",
		"spe": "7",
		"duration": "1.04",
		"dps": "11.54",
		"sps": "6.73"
	},
	{
		"id": "23",
		"nameFr": "Coup Bas",
		"nameEn": "Sucker Punch",
		"typeId": "2",
		"typeEn": "dark",
		"typeFr": "ténèbres",
		"damage": "7",
		"spe": "4",
		"duration": "0.7",
		"dps": "10.00",
		"sps": "5.71"
	},
	{
		"id": "8",
		"nameFr": "Cru-Aile",
		"nameEn": "Wing Attack",
		"typeId": "8",
		"typeEn": "flying",
		"typeFr": "vol",
		"damage": "9",
		"spe": "7",
		"duration": "0.75",
		"dps": "12.00",
		"sps": "9.33"
	},
	{
		"id": "28",
		"nameFr": "Picpic",
		"nameEn": "Peck",
		"typeId": "8",
		"typeEn": "flying",
		"typeFr": "vol",
		"damage": "10",
		"spe": "10",
		"duration": "1.15",
		"dps": "8.70",
		"sps": "8.70"
	}
]
