[
	{
		"id": "70",
		"nameEn": "Iron Head",
		"nameFr": "Tête de Fer",
		"typeEn": "steel",
		"typeFr": "acier",
		"damage": "30",
		"duration": "2.00",
		"dps": "15.00",
		"CCchance": "5",
		"esquive": "0.25"
	},
	{
		"id": "8",
		"nameEn": "Magnet Bomb",
		"nameFr": "Bombaimant",
		"typeEn": "steel",
		"typeFr": "acier",
		"damage": "30",
		"duration": "2.80",
		"dps": "10.71",
		"CCchance": "5",
		"esquive": "0.55"
	},
	{
		"id": "43",
		"nameEn": "Flash Cannon",
		"nameFr": "Luminocanon",
		"typeEn": "steel",
		"typeFr": "acier",
		"damage": "60",
		"duration": "3.90",
		"dps": "15.38",
		"CCchance": "5",
		"esquive": "1.1"
	},
	{
		"id": "15",
		"nameEn": "Brick Break",
		"nameFr": "Casse-Brique",
		"typeEn": "fight",
		"typeFr": "combat",
		"damage": "30",
		"duration": "1.60",
		"dps": "18.75",
		"CCchance": "25",
		"esquive": "0.4"
	},
	{
		"id": "18",
		"nameEn": "Cross Chop",
		"nameFr": "Coup-Croix",
		"typeEn": "fight",
		"typeFr": "combat",
		"damage": "60",
		"duration": "2.00",
		"dps": "30.00",
		"CCchance": "25",
		"esquive": "0.3"
	},
	{
		"id": "66",
		"nameEn": "Submission",
		"nameFr": "Sacrifice",
		"typeEn": "fight",
		"typeFr": "combat",
		"damage": "30",
		"duration": "2.10",
		"dps": "14.29",
		"CCchance": "5",
		"esquive": "0.15"
	},
	{
		"id": "3",
		"nameEn": "Low Sweep",
		"nameFr": "Balayette",
		"typeEn": "fight",
		"typeFr": "combat",
		"damage": "30",
		"duration": "2.25",
		"dps": "13.33",
		"CCchance": "5",
		"esquive": "0.15"
	},
	{
		"id": "26",
		"nameEn": "Dragon Claw",
		"nameFr": "Dracogriffe",
		"typeEn": "dragon",
		"typeFr": "dragon",
		"damage": "35",
		"duration": "1.50",
		"dps": "23.33",
		"CCchance": "25",
		"esquive": "0.2"
	},
	{
		"id": "50",
		"nameEn": "Twister",
		"nameFr": "Ouragan",
		"typeEn": "dragon",
		"typeFr": "dragon",
		"damage": "30",
		"duration": "2.70",
		"dps": "11.11",
		"CCchance": "5",
		"esquive": "1.75"
	},
	{
		"id": "25",
		"nameEn": "Dragon Pulse",
		"nameFr": "Dracochoc",
		"typeEn": "dragon",
		"typeFr": "dragon",
		"damage": "65",
		"duration": "3.60",
		"dps": "18.06",
		"CCchance": "5",
		"esquive": "1.2"
	},
	{
		"id": "34",
		"nameEn": "Aqua Tail",
		"nameFr": "Hydroqueue",
		"typeEn": "water",
		"typeFr": "eau",
		"damage": "45",
		"duration": "2.35",
		"dps": "19.15",
		"CCchance": "5",
		"esquive": "0.2"
	},
	{
		"id": "2",
		"nameEn": "Aqua Jet",
		"nameFr": "Aqua Jet",
		"typeEn": "water",
		"typeFr": "eau",
		"damage": "25",
		"duration": "2.35",
		"dps": "10.64",
		"CCchance": "5",
		"esquive": "0.4"
	},
	{
		"id": "67",
		"nameEn": "Brine",
		"nameFr": "Saumure",
		"typeEn": "water",
		"typeFr": "eau",
		"damage": "25",
		"duration": "2.40",
		"dps": "10.42",
		"CCchance": "5",
		"esquive": "0.35"
	},
	{
		"id": "11",
		"nameEn": "Bubble Beam",
		"nameFr": "Bulles d'O",
		"typeEn": "water",
		"typeFr": "eau",
		"damage": "30",
		"duration": "2.90",
		"dps": "10.34",
		"CCchance": "5",
		"esquive": "0.2"
	},
	{
		"id": "82",
		"nameEn": "",
		"nameFr": "Vibraqua",
		"typeEn": "water",
		"typeFr": "eau",
		"damage": "25",
		"duration": "3.30",
		"dps": "7.58",
		"CCchance": "5",
		"esquive": "1"
	},
	{
		"id": "33",
		"nameEn": "Hydro Pump",
		"nameFr": "Hydrocanon",
		"typeEn": "water",
		"typeFr": "eau",
		"damage": "90",
		"duration": "3.80",
		"dps": "23.68",
		"CCchance": "5",
		"esquive": "2.1"
	},
	{
		"id": "28",
		"nameEn": "Scald",
		"nameFr": "Ébullition",
		"typeEn": "water",
		"typeFr": "eau",
		"damage": "55",
		"duration": "4.00",
		"dps": "13.75",
		"CCchance": "5",
		"esquive": "2.1"
	},
	{
		"id": "55",
		"nameEn": "Thunder Punch",
		"nameFr": "Poing-Éclair",
		"typeEn": "electr",
		"typeFr": "éleck",
		"damage": "40",
		"duration": "2.40",
		"dps": "16.67",
		"CCchance": "5",
		"esquive": "0.25"
	},
	{
		"id": "17",
		"nameEn": "Discharge",
		"nameFr": "Coup d'Jus",
		"typeEn": "electr",
		"typeFr": "éleck",
		"damage": "35",
		"duration": "2.50",
		"dps": "14.00",
		"CCchance": "5",
		"esquive": "0.7"
	},
	{
		"id": "72",
		"nameEn": "Thunderbolt",
		"nameFr": "Tonnerre",
		"typeEn": "electr",
		"typeFr": "éleck",
		"damage": "55",
		"duration": "2.70",
		"dps": "20.37",
		"CCchance": "5",
		"esquive": "0.8"
	},
	{
		"id": "31",
		"nameEn": "Thunder",
		"nameFr": "Fatal-Foudre",
		"typeEn": "electr",
		"typeFr": "éleck",
		"damage": "100",
		"duration": "4.30",
		"dps": "23.26",
		"CCchance": "5",
		"esquive": "1.55"
	},
	{
		"id": "78",
		"nameEn": "Draining Kiss",
		"nameFr": "Vampibaier",
		"typeEn": "fairy",
		"typeFr": "fée",
		"damage": "25",
		"duration": "2.80",
		"dps": "8.93",
		"CCchance": "5",
		"esquive": "0.1"
	},
	{
		"id": "12",
		"nameEn": "Play Rough",
		"nameFr": "Câlinerie",
		"typeEn": "fairy",
		"typeFr": "fée",
		"damage": "55",
		"duration": "2.90",
		"dps": "18.97",
		"CCchance": "5",
		"esquive": "1.3"
	},
	{
		"id": "84",
		"nameEn": "Disarming Voice",
		"nameFr": "Voix Enjöleuse",
		"typeEn": "fairy",
		"typeFr": "fée",
		"damage": "25",
		"duration": "3.90",
		"dps": "6.41",
		"CCchance": "5",
		"esquive": "1.8"
	},
	{
		"id": "59",
		"nameEn": "Moonblast",
		"nameFr": "Pouvoir Lunaire",
		"typeEn": "fairy",
		"typeFr": "fée",
		"damage": "85",
		"duration": "4.10",
		"dps": "20.73",
		"CCchance": "5",
		"esquive": "0.6"
	},
	{
		"id": "29",
		"nameEn": "Dazzling Gleam",
		"nameFr": "Éclat Magique",
		"typeEn": "fairy",
		"typeFr": "fée",
		"damage": "55",
		"duration": "4.20",
		"dps": "13.10",
		"CCchance": "5",
		"esquive": "0.8"
	},
	{
		"id": "64",
		"nameEn": "Flame Burst",
		"nameFr": "Rebondifeu",
		"typeEn": "fire",
		"typeFr": "feu",
		"damage": "30",
		"duration": "2.10",
		"dps": "14.29",
		"CCchance": "5",
		"esquive": "0.2"
	},
	{
		"id": "54",
		"nameEn": "Fire Punch",
		"nameFr": "Poing de Feu",
		"typeEn": "fire",
		"typeFr": "feu",
		"damage": "40",
		"duration": "2.80",
		"dps": "14.29",
		"CCchance": "5",
		"esquive": "0.51"
	},
	{
		"id": "38",
		"nameEn": "Flamethrower",
		"nameFr": "Lance-Flammes",
		"typeEn": "fire",
		"typeFr": "feu",
		"damage": "55",
		"duration": "2.90",
		"dps": "18.97",
		"CCchance": "5",
		"esquive": "0.9"
	},
	{
		"id": "49",
		"nameEn": "Flame Charge",
		"nameFr": "Nitrocharge",
		"typeEn": "fire",
		"typeFr": "feu",
		"damage": "25",
		"duration": "3.10",
		"dps": "8.06",
		"CCchance": "5",
		"esquive": "0.2"
	},
	{
		"id": "13",
		"nameEn": "Heat Wave",
		"nameFr": "Canicule",
		"typeEn": "fire",
		"typeFr": "feu",
		"damage": "80",
		"duration": "3.80",
		"dps": "21.05",
		"CCchance": "5",
		"esquive": "0.4"
	},
	{
		"id": "22",
		"nameEn": "Fire Blast",
		"nameFr": "Déflagration",
		"typeEn": "fire",
		"typeFr": "feu",
		"damage": "100",
		"duration": "4.10",
		"dps": "24.39",
		"CCchance": "5",
		"esquive": "0.4"
	},
	{
		"id": "65",
		"nameEn": "Flame Wheel",
		"nameFr": "Roue de Feu",
		"typeEn": "fire",
		"typeFr": "feu",
		"damage": "40",
		"duration": "4.60",
		"dps": "8.70",
		"CCchance": "5",
		"esquive": "0.5"
	},
	{
		"id": "56",
		"nameEn": "Ice Punch",
		"nameFr": "Poing-Glace",
		"typeEn": "ice",
		"typeFr": "glace",
		"damage": "45",
		"duration": "3.50",
		"dps": "12.86",
		"CCchance": "5",
		"esquive": "1.1"
	},
	{
		"id": "40",
		"nameEn": "Ice Beam",
		"nameFr": "Laser Glace",
		"typeEn": "ice",
		"typeFr": "glace",
		"damage": "65",
		"duration": "3.65",
		"dps": "17.81",
		"CCchance": "5",
		"esquive": "1.35"
	},
	{
		"id": "79",
		"nameEn": "Icy Wind",
		"nameFr": "Vent Glace",
		"typeEn": "ice",
		"typeFr": "glace",
		"damage": "25",
		"duration": "3.80",
		"dps": "6.58",
		"CCchance": "5",
		"esquive": "0.7"
	},
	{
		"id": "6",
		"nameEn": "Blizzard",
		"nameFr": "Blizzard",
		"typeEn": "ice",
		"typeFr": "glace",
		"damage": "100",
		"duration": "3.90",
		"dps": "25.64",
		"CCchance": "5",
		"esquive": "0"
	},
	{
		"id": "52",
		"nameEn": "X-Scissor",
		"nameFr": "Plaie-Croix",
		"typeEn": "bug",
		"typeFr": "insecte",
		"damage": "35",
		"duration": "2.10",
		"dps": "16.67",
		"CCchance": "5",
		"esquive": "0.25"
	},
	{
		"id": "63",
		"nameEn": "Signal Beam",
		"nameFr": "Rayon Signal",
		"typeEn": "bug",
		"typeFr": "insecte",
		"damage": "45",
		"duration": "3.10",
		"dps": "14.52",
		"CCchance": "5",
		"esquive": "1"
	},
	{
		"id": "46",
		"nameEn": "Megahorn",
		"nameFr": "Mégacorne",
		"typeEn": "bug",
		"typeFr": "insecte",
		"damage": "80",
		"duration": "3.20",
		"dps": "25.00",
		"CCchance": "5",
		"esquive": "0.3"
	},
	{
		"id": "10",
		"nameEn": "Bug Buzz",
		"nameFr": "Bourdon",
		"typeEn": "bug",
		"typeFr": "insecte",
		"damage": "75",
		"duration": "4.25",
		"dps": "17.65",
		"CCchance": "5",
		"esquive": "1.5"
	},
	{
		"id": "53",
		"nameEn": "Body Slam",
		"nameFr": "Plaquage",
		"typeEn": "normal",
		"typeFr": "normal",
		"damage": "40",
		"duration": "1.56",
		"dps": "25.64",
		"CCchance": "5",
		"esquive": "0.2"
	},
	{
		"id": "44",
		"nameEn": "Struggle",
		"nameFr": "Lutte",
		"typeEn": "normal",
		"typeFr": "normal",
		"damage": "15",
		"duration": "1.69",
		"dps": "8.88",
		"CCchance": "0",
		"esquive": "0.7"
	},
	{
		"id": "20",
		"nameEn": "Hyper Fang",
		"nameFr": "Croc de Mort",
		"typeEn": "normal",
		"typeFr": "normal",
		"damage": "35",
		"duration": "2.10",
		"dps": "16.67",
		"CCchance": "5",
		"esquive": "0.3"
	},
	{
		"id": "30",
		"nameEn": "Stomp",
		"nameFr": "Écrasement",
		"typeEn": "normal",
		"typeFr": "normal",
		"damage": "30",
		"duration": "2.10",
		"dps": "14.29",
		"CCchance": "5",
		"esquive": "0.7"
	},
	{
		"id": "32",
		"nameEn": "Vice Grip",
		"nameFr": "Force Poigne",
		"typeEn": "normal",
		"typeFr": "normal",
		"damage": "15",
		"duration": "2.10",
		"dps": "7.14",
		"CCchance": "5",
		"esquive": "0.25"
	},
	{
		"id": "35",
		"nameEn": "Horn Attack",
		"nameFr": "Koud'Korne",
		"typeEn": "normal",
		"typeFr": "normal",
		"damage": "25",
		"duration": "2.20",
		"dps": "11.36",
		"CCchance": "5",
		"esquive": "0.3"
	},
	{
		"id": "48",
		"nameEn": "Swift",
		"nameFr": "Météores",
		"typeEn": "normal",
		"typeFr": "normal",
		"damage": "30",
		"duration": "3.00",
		"dps": "10.00",
		"CCchance": "5",
		"esquive": "0.5"
	},
	{
		"id": "41",
		"nameEn": "Wrap",
		"nameFr": "Ligotage",
		"typeEn": "normal",
		"typeFr": "normal",
		"damage": "25",
		"duration": "4.00",
		"dps": "6.25",
		"CCchance": "5",
		"esquive": "0.6"
	},
	{
		"id": "77",
		"nameEn": "Hyper Beam",
		"nameFr": "Ultralaser",
		"typeEn": "normal",
		"typeFr": "normal",
		"damage": "120",
		"duration": "5.00",
		"dps": "24.00",
		"CCchance": "5",
		"esquive": "0.8"
	},
	{
		"id": "14",
		"nameEn": "Seed Bomb",
		"nameFr": "Canon Graine",
		"typeEn": "grass",
		"typeFr": "plante",
		"damage": "40",
		"duration": "2.40",
		"dps": "16.67",
		"CCchance": "5",
		"esquive": "0.5"
	},
	{
		"id": "47",
		"nameEn": "Power Whip",
		"nameFr": "Mégafouet",
		"typeEn": "grass",
		"typeFr": "plante",
		"damage": "70",
		"duration": "2.80",
		"dps": "25.00",
		"CCchance": "0",
		"esquive": "1.3"
	},
	{
		"id": "37",
		"nameEn": "Leaf Blade",
		"nameFr": "Lame-Feuille",
		"typeEn": "grass",
		"typeFr": "plante",
		"damage": "55",
		"duration": "2.80",
		"dps": "19.64",
		"CCchance": "25",
		"esquive": "1"
	},
	{
		"id": "69",
		"nameEn": "Petal Blizzard",
		"nameFr": "Tempête Florale",
		"typeEn": "grass",
		"typeFr": "plante",
		"damage": "65",
		"duration": "3.20",
		"dps": "20.31",
		"CCchance": "5",
		"esquive": "1"
	},
	{
		"id": "42",
		"nameEn": "Wrap",
		"nameFr": "Ligotage ",
		"typeEn": "grass",
		"typeFr": "plante",
		"damage": "25",
		"duration": "3.70",
		"dps": "6.76",
		"CCchance": "5",
		"esquive": "1"
	},
	{
		"id": "39",
		"nameEn": "Solar Beam",
		"nameFr": "Lance-Soleil",
		"typeEn": "grass",
		"typeFr": "plante",
		"damage": "120",
		"duration": "4.90",
		"dps": "24.49",
		"CCchance": "5",
		"esquive": "1.7"
	},
	{
		"id": "57",
		"nameEn": "Cross Poison",
		"nameFr": "Poison-Croix",
		"typeEn": "poison",
		"typeFr": "poison",
		"damage": "25",
		"duration": "1.50",
		"dps": "16.67",
		"CCchance": "25",
		"esquive": "0.3"
	},
	{
		"id": "21",
		"nameEn": "Poison Fang",
		"nameFr": "Crochet Venin",
		"typeEn": "poison",
		"typeFr": "poison",
		"damage": "25",
		"duration": "2.40",
		"dps": "10.42",
		"CCchance": "5",
		"esquive": "0.2"
	},
	{
		"id": "7",
		"nameEn": "Sludge Bomb",
		"nameFr": "Bomb-Beurk",
		"typeEn": "poison",
		"typeFr": "poison",
		"damage": "55",
		"duration": "2.60",
		"dps": "21.15",
		"CCchance": "5",
		"esquive": "0.5"
	},
	{
		"id": "24",
		"nameEn": "Sludge",
		"nameFr": "Détritus",
		"typeEn": "poison",
		"typeFr": "poison",
		"damage": "30",
		"duration": "2.60",
		"dps": "11.54",
		"CCchance": "5",
		"esquive": "0.5"
	},
	{
		"id": "23",
		"nameEn": "Gunk Shot",
		"nameFr": "Détricanon",
		"typeEn": "poison",
		"typeFr": "poison",
		"damage": "65",
		"duration": "3.00",
		"dps": "21.67",
		"CCchance": "5",
		"esquive": "0.4"
	},
	{
		"id": "19",
		"nameEn": "Sludge Wave",
		"nameFr": "Cradovague",
		"typeEn": "poison",
		"typeFr": "poison",
		"damage": "70",
		"duration": "3.40",
		"dps": "20.59",
		"CCchance": "5",
		"esquive": "0.9"
	},
	{
		"id": "16",
		"nameEn": "Psyshock",
		"nameFr": "Choc Psy",
		"typeEn": "psychc",
		"typeFr": "psy",
		"damage": "40",
		"duration": "2.70",
		"dps": "14.81",
		"CCchance": "5",
		"esquive": "0.5"
	},
	{
		"id": "60",
		"nameEn": "Psychic",
		"nameFr": "Psyko",
		"typeEn": "psychc",
		"typeFr": "psy",
		"damage": "55",
		"duration": "2.80",
		"dps": "19.64",
		"CCchance": "5",
		"esquive": "1.2"
	},
	{
		"id": "61",
		"nameEn": "Psybeam",
		"nameFr": "Rafale Psy",
		"typeEn": "psychc",
		"typeFr": "psy",
		"damage": "40",
		"duration": "3.80",
		"dps": "10.53",
		"CCchance": "5",
		"esquive": "1.3"
	},
	{
		"id": "62",
		"nameEn": "Power Gem",
		"nameFr": "Rayon Gemme",
		"typeEn": "rock",
		"typeFr": "roche",
		"damage": "40",
		"duration": "2.90",
		"dps": "13.79",
		"CCchance": "5",
		"esquive": "0.8"
	},
	{
		"id": "36",
		"nameEn": "Stone Edge",
		"nameFr": "Lame de Roc",
		"typeEn": "rock",
		"typeFr": "roche",
		"damage": "80",
		"duration": "3.10",
		"dps": "25.81",
		"CCchance": "50",
		"esquive": "0.4"
	},
	{
		"id": "27",
		"nameEn": "Rock Slide",
		"nameFr": "Éboulement",
		"typeEn": "rock",
		"typeFr": "roche",
		"damage": "50",
		"duration": "3.20",
		"dps": "15.63",
		"CCchance": "5",
		"esquive": "1.4"
	},
	{
		"id": "71",
		"nameEn": "Rock Tomb",
		"nameFr": "Tomberoche",
		"typeEn": "rock",
		"typeFr": "roche",
		"damage": "30",
		"duration": "3.40",
		"dps": "8.82",
		"CCchance": "25",
		"esquive": "0.9"
	},
	{
		"id": "58",
		"nameEn": "Ancient Power",
		"nameFr": "Pouvoir Antique",
		"typeEn": "rock",
		"typeFr": "roche",
		"damage": "35",
		"duration": "3.60",
		"dps": "9.72",
		"CCchance": "5",
		"esquive": "0.35"
	},
	{
		"id": "45",
		"nameEn": "Bone Club",
		"nameFr": "Massd'Os",
		"typeEn": "ground",
		"typeFr": "sol",
		"damage": "25",
		"duration": "1.60",
		"dps": "15.63",
		"CCchance": "5",
		"esquive": "0.25"
	},
	{
		"id": "9",
		"nameEn": "Mud Bomb",
		"nameFr": "Boue-Bombe",
		"typeEn": "ground",
		"typeFr": "sol",
		"damage": "30",
		"duration": "2.60",
		"dps": "11.54",
		"CCchance": "5",
		"esquive": "0.45"
	},
	{
		"id": "76",
		"nameEn": "Drill Run",
		"nameFr": "Tunnelier",
		"typeEn": "ground",
		"typeFr": "sol",
		"damage": "50",
		"duration": "3.40",
		"dps": "14.71",
		"CCchance": "25",
		"esquive": "0.7"
	},
	{
		"id": "51",
		"nameEn": "Bulldoze",
		"nameFr": "Piétisol",
		"typeEn": "ground",
		"typeFr": "sol",
		"damage": "35",
		"duration": "3.40",
		"dps": "10.29",
		"CCchance": "5",
		"esquive": "1.1"
	},
	{
		"id": "68",
		"nameEn": "Earthquake",
		"nameFr": "Séisme",
		"typeEn": "ground",
		"typeFr": "sol",
		"damage": "100",
		"duration": "4.20",
		"dps": "23.81",
		"CCchance": "5",
		"esquive": "1.95"
	},
	{
		"id": "75",
		"nameEn": "Dig",
		"nameFr": "Tunnel",
		"typeEn": "ground",
		"typeFr": "sol",
		"damage": "70",
		"duration": "5.80",
		"dps": "12.07",
		"CCchance": "5",
		"esquive": "0.4"
	},
	{
		"id": "4",
		"nameEn": "Shadow Ball",
		"nameFr": "Ball'Ombre",
		"typeEn": "ghost",
		"typeFr": "spectre",
		"damage": "45",
		"duration": "3.08",
		"dps": "14.61",
		"CCchance": "5",
		"esquive": "0.3"
	},
	{
		"id": "74",
		"nameEn": "Night Slash",
		"nameFr": "Tranche-Nuit",
		"typeEn": "dark",
		"typeFr": "ténèbres",
		"damage": "30",
		"duration": "2.70",
		"dps": "11.11",
		"CCchance": "5",
		"esquive": "0.2"
	},
	{
		"id": "80",
		"nameEn": "Ominous wind",
		"nameFr": "Vent Mauvais",
		"typeEn": "dark",
		"typeFr": "ténèbres",
		"damage": "30",
		"duration": "3.10",
		"dps": "9.68",
		"CCchance": "5",
		"esquive": "0.25"
	},
	{
		"id": "83",
		"nameEn": "Dark Pulse",
		"nameFr": "Vibrobscur",
		"typeEn": "dark",
		"typeFr": "ténèbres",
		"damage": "45",
		"duration": "3.50",
		"dps": "12.86",
		"CCchance": "5",
		"esquive": "1.1"
	},
	{
		"id": "5",
		"nameEn": "Drill Peck",
		"nameFr": "Bec Vrille",
		"typeEn": "flying",
		"typeFr": "vol",
		"damage": "40",
		"duration": "2.70",
		"dps": "14.81",
		"CCchance": "5",
		"esquive": "0.9"
	},
	{
		"id": "1",
		"nameEn": "Aerial Ace",
		"nameFr": "Aéropique",
		"typeEn": "flying",
		"typeFr": "vol",
		"damage": "30",
		"duration": "2.90",
		"dps": "10.34",
		"CCchance": "5",
		"esquive": "0.6"
	},
	{
		"id": "81",
		"nameEn": "Hurricane",
		"nameFr": "Vent Violent",
		"typeEn": "flying",
		"typeFr": "vol",
		"damage": "80",
		"duration": "3.20",
		"dps": "25.00",
		"CCchance": "5",
		"esquive": "1.77"
	},
	{
		"id": "73",
		"nameEn": "Air Cutter",
		"nameFr": "Tranch'Air",
		"typeEn": "flying",
		"typeFr": "vol",
		"damage": "30",
		"duration": "3.30",
		"dps": "9.09",
		"CCchance": "25",
		"esquive": "0.9"
	}
]
